---
month: 8
day: 2
name: Haniwa Day
tags:
 - name: 8月2日は磨弓の日
   platforms: [twitter, pixiv]
characters: [Mayumi]
message: 8/2 is **Haniwa (Mayumi) Day**!
explanation: >
 Goroawase: 8(Ha)2(ni)
citations:
 - name: Example Illustration
   url: https://www.pixiv.net/en/artworks/83415971
---
month: 8
day: 2
name: Udonge Day
tags:
 - name: 8月2日は優曇華の日
   platforms: [twitter, pixiv]
characters: [Reisen]
message: 8/2 is (bunny) **Udonge Day**!
explanation: >
 Goroawase: 8(Ba)2(ni)=Bunny
citations:
---
month: 8
day: 3
name: Kanako Day
tags:
 - name: 八月三日は八坂神奈子の日
   platforms: [twitter, pixiv]
characters: [Kanako]
message: 8/3 is **Kanako Day**!
explanation: >
 Goroawase: 8(Ya)3(sa)日(ka)
citations:
 - name: Pixiv Dictionary
   url: http://dic.pixiv.net/a/八月三日は八坂神奈子の日
---
month: 8
day: 3
name: Meira Day
tags:
 - name: 8月3日は明羅の日
   platforms: [twitter, pixiv]
characters: [Meira]
message: 8/3 is **Meira Day**!
explanation: >
 ???
citations:
---
month: 8
day: 4
name: Tojiko Day
tags:
 - name: 8月4日は屠自古の日
   platforms: [twitter, pixiv]
characters: [Tojiko ]
message: 8/4 is **Tojiko Day**!
explanation: >
 The linked illustration gives the explanation "8月4日ってやんよの日じゃね？→やってやんよ→屠自古の日"
citations:
 - name: Pixiv Dictionary
   url: http://dic.pixiv.net/a/8月4日は屠自古の日
 - name: Explanation Illustration
   url: https://www.pixiv.net/en/artworks/28456827
---
month: 8
day: 4
name: Hashihime Day
tags:
 - name: 8月4日は橋姫の日
   platforms: [twitter, pixiv]
characters: [Parsee]
message: 8/4 is **Hashihime Day**!
explanation: >
 Goroawase: 8(Ha)4(shi)=Hashi(hime)
citations:
 - name: Pixiv Dictionary
   url: http://dic.pixiv.net/a/8月4日は橋姫の日
---
month: 8
day: 4
name: Kyouko Day
tags:
 - name: 8月4日は響子の日
   platforms: [twitter, pixiv]
characters: [Kyouko]
message: Yahoo! 8/4 is **Kyouko Day**!
explanation: >
 Goroawase: 8(Ya)4(Hoo)!
citations:
 - name: Pixiv Dictionary
   url: http://dic.pixiv.net/a/8月4日は響子の日
---
month: 8
day: 5
name: (kinda) Eirin Day
tags:
 - name: 8月5日頃は八意永琳の日
   platforms: [twitter, pixiv]
characters: [Eirin]
message: 8/5 is **(kinda) Eirin Day**!
explanation: >
 Goroawase: 85頃=Yagokoro=”almost 85”
citations:
 - name: Pixiv Dictionary
   url: http://dic.pixiv.net/a/8月5日頃は八意永琳の日
---
month: 8
day: 5
name: Kokoro Day
tags:
 - name: 8月5日は秦こころの日
   platforms: [twitter, pixiv]
characters: [Kokoro]
message: 8/5 is **Hata no Kokoro Day**!
explanation: >
 Goroawase: 8(Ha)5(Ko)=Ha(tano) Ko(koro)
citations:
 - name: Pixiv Dictionary
   url: http://dic.pixiv.net/a/8月5日は秦こころの日
---
month: 8
day: 6
name: Youmu Day
tags:
 - name: 8月6日は妖夢の日
   platforms: [twitter, pixiv]
characters: [Youmu]
message: 8/6 is **Youmu Day**!
explanation: >
 Goroawase: 8(You)6(mu). Reading 8 as "You" seems like a bit of a stretch...
citations:
 - name: Pixiv Dictionary
   url: http://dic.pixiv.net/a/8月6日は妖夢の日
---
month: 8
day: 6
name: Aya/Reimu Day
tags:
 - name: 08月06日はあやれいむの日
   platforms: [twitter, pixiv]
characters: [Aya, Reimu]
message: 08/06 is **Aya/Reimu Day**!
explanation: >
 Goroawase: 08(Aya)/06(Reimu)
citations:
 - name: Pixiv Dictionary
   url: http://dic.pixiv.net/a/08月06日はあやれいむの日
---
month: 8
day: 7
name: Yamame Day
tags:
 - name: ヤマメの日
   platforms: [twitter, pixiv]
characters: [Yamame]
message: 8/7 is **Yamame Day**!
explanation: >
 Goroawase: 8(Ya)7(ma)
citations:
---
month: 8
day: 7
name: Yuuka Day
tags:
 - name: 8月7日は風見幽香の日
   platforms: [twitter, pixiv]
characters: [Yuuka]
message: 8/7 is **Yuuka Day**!
explanation: >
 Goroawase: 8(Ha)7(na)=Hana (Flower)
citations:
 - name: Explanation Illustration
   url: https://www.pixiv.net/en/artworks/64279694
---
month: 8
day: 8
name: Lyrica Day #2
tags:
 - name: 8月8日はリリカの日第二番
   platforms: [twitter, pixiv]
 - name: 8月8日はリリカの日
   platforms: [twitter, pixiv]
characters: [Lyrica]
message: 8/8 is **Lyrica Day #2**!
explanation: >
 Keyboard day, as a typical piano keyboard has 88 keys (see )
citations:
 - name: Pixiv Dictionary
   url: http://dic.pixiv.net/a/8月8日はリリカの日第二番
 - name: Keyboard Day @ zatsuneta.com
   url: https://www.pixiv.net/en/artworks/64279694
---
month: 8
day: 8
name: Daiyousei Day
tags:
 - name: 8月8日は大妖精の日
   platforms: [twitter, pixiv]
characters: [Daiyousei]
message: 8/8 is **Daiyousei Day**!
explanation: >
 8/8 is the midpoint between the days of fellow "Team 9" members Rumia (7/7) and Cirno (9/9).
citations:
 - name: Explanation Illustration
   url: https://www.pixiv.net/en/artworks/64298671
---
month: 8
day: 8
name: Seija Day
tags:
 - name: 8月8日は正邪の日
   platforms: [twitter, pixiv]
characters: [Seija]
message: 8/8 is **Seija Day**!
explanation: >
 8/8 can be flipped or rotated, and still read 8/8, making it perfect for a Seija day.
citations:
 - name: Explanation Illustration
   url: https://www.pixiv.net/en/artworks/64298671
---
month: 8
day: 8
name: Wriggle Day
tags:
 - name: 8月8日はリグルの日
   platforms: [twitter, pixiv]
characters: [Wriggle]
message: 8/8 is **Wriggle Day**!
explanation: >
 8*8 = 6(Mu)4(shi) (Bug)
citations:
 - name: Explanation Illustration
   url: https://www.pixiv.net/en/artworks/64298671
---
month: 8
day: 8
name: Eternity Day
tags:
 - name: 8月8日はエタニティラルバの日
   platforms: [twitter, pixiv]
characters: [Eternity]
message: 8/8 is **Eternity Day**!
explanation: >
 8/8 is Butterfly day, as the numbers resemble a butterfly.
citations:
 - name: Explanation Illustration
   url: https://twitter.com/JR_E127ysk/status/1026813040094670848
---
month: 8
day: 8
name: Super Yatsuhashi Day
tags:
 - name: 8月8日はスーパー八橋の日
   platforms: [twitter, pixiv]
characters: [Yatsuhashi, Benben]
message: 8/8 is **Super Yatsuhashi Day**!
explanation: >
 Goroawase: 8(Ya)8(Ha). Her "sister" is also regularly included.
citations:
 - name: Pixiv Dictionary
   url: http://dic.pixiv.net/a/8月8日はスーパー八橋の日
---
month: 8
day: 9
name: Hina Day
tags:
 - name: 8月9日は厄神様の日
   platforms: [twitter, pixiv]
 - name: 8月9日は厄の日
   platforms: [twitter, pixiv]
characters: [Hina]
message: 8/9 is **Yakujin (Hina) Day**!
explanation: >
 Goroawase: 8(Ya)9(ku)=Yaku(jin), curse god, Hina's species
citations:
 - name: Pixiv Dictionary
   url: http://dic.pixiv.net/a/8月9日は厄神様の日
---
month: 8
day: 9
name: Hakurei Day
tags:
 - name: 8月9日は博麗の日
   platforms: [twitter, pixiv]
 - name: 8月9日は霊夢の日
   platforms: [twitter, pixiv]
 - name: 妖夢の日
   platforms: [twitter, pixiv]
characters: [Reimu]
message: 8/9 is **Hakurei Day**!
explanation: >
 Goroawase: 8(Ha)9(ku)
citations:
 - name: Pixiv Dictionary
   url: http://dic.pixiv.net/a/8月9日は博麗の日
---
month: 8
day: 9
name: Baku Day
tags:
 - name: 8月9日は獏の日
   platforms: [twitter, pixiv]
characters: [Doremy]
message: 8/9 is **Baku Day**!
explanation: >
 Goroawase: 8(Ba)9(ku)
citations:
 - name: Explanation Illustration
   url: https://www.pixiv.net/en/artworks/70107817
---
month: 8
day: 9
name: Yakumo Day
tags:
 - name: 8月9日は八雲の日
   platforms: [twitter, pixiv]
characters: [Yukari, Ran]
message: 8/9 is **Yakumo Day**!
explanation: >
 Goroawase: 8(Ya)9(ku)
citations:
 - name: Explanation Illustration
   url: http://www.pixiv.net/member_illust.php?mode=medium&illust_id=58347880
---
month: 8
day: 9
name: Nightbug Day
tags:
 - name: 8月9日はナイトバグの日
   platforms: [twitter, pixiv]
characters: [Wriggle]
message: 8/9 is **Nightbug Day**!
explanation: >
 Goroawase: 8(Ba)9(gu)=bug
citations:
 - name: Explanation Illustration
   url: http://www.pixiv.net/member_illust.php?mode=medium&illust_id=76156840
 - name: Explanation Illustration
   url: https://www.pixiv.net/en/artworks/70107817
---
month: 8
day: 10
name: Hatate Day
tags:
 - name: 8月10日ははたての日
   platforms: [twitter, pixiv]
characters: [Hatate]
message: 8/10 is **Hatate Day**!
explanation: >
 Goroawase: 8(ha)10(tou)?
citations:
 - name: Explanation Illustration
   url: http://www.pixiv.net/member_illust.php?mode=medium&illust_id=51885270
---
month: 8
day: 12
name: Lunasa Day
tags:
 - name: 6月73日はルナサの日
   platforms: [twitter, pixiv]
 - name: 8月12日はルナサの日
   platforms: [twitter, pixiv]
characters: [Lunasa]
message: 6/73 is **Lunasa Day**!
explanation: >
 Goroawase: 6(Ru)7(na)3(sa)
citations:
 - name: Pixiv Dictionary
   url: http://dic.pixiv.net/a/6月73日はルナサの日
---
month: 8
day: 20
name: AyaNito Day
tags:
 - name: 8月20日はあやにとの日
   platforms: [twitter, pixiv]
characters: [Aya, Nitori]
message: 8/20 is **AyaNito Day**!
explanation: >
 Goroawase: 8(ya)20(nitou)
citations:
 - name: Pixiv Dictionary
   url: http://dic.pixiv.net/a/8月20日はあやにとの日
---
month: 8
day: 20
name: Mayumi Day
tags:
 - name: 8月20日は磨弓の日
   platforms: [twitter, pixiv]
characters: [Mayumi]
message: 8/20 is **Mayumi Day**!
explanation: >
 8(Ha)2(ni)0(wa)
citations:
 - name: Pixiv Dictionary
   url: http://dic.pixiv.net/a/8月20日は磨弓の日
---
month: 8
day: 21
name: Perfect Freeze day
tags:
 - name: 8月21日はパーフェクトの日
   platforms: [twitter, pixiv]
characters: [Cirno]
message: 8/21 is **Perfect Freeze day**!
explanation: >
 "Perfect Day" was established on August 21, 1970 by Motherland Co. after Ritsuko Nakayama became the first female professional bowler to achieve a perfect score in a professional championship match. By association with Cirno's "Perfect Freeze" spellcard.
citations:
 - name: Pixiv Dictionary
   url: http://dic.pixiv.net/a/8月21日はパーフェクトの日
---
month: 8
day: 24
name: SatoKoi Day
tags:
 - name: 8月24日はさとこいの日
   platforms: [twitter, pixiv]
characters: [Satori, Koishi]
message: 8/24 is **Satori and Koishi (SatoKoi) Day**!
explanation: >
 Sum of Satori Day (3/10) and Koishi Day (5/14).
citations:
 - name: Explanation Illustration
   url: https://www.pixiv.net/en/artworks/83856572
---
month: 8
day: 28
name: Haniwa (Mayumi) Day
tags:
 - name: 8月28日は磨弓の日
   platforms: [twitter, pixiv]
characters: [Mayumi]
message: 8/28 is **Haniwa (Mayumi) Day**!
explanation: >
 Goroawase: 8(Ha)2(ni)8(wa)
citations:
 - name: Pixiv Dictionary
   url: http://dic.pixiv.net/a/8月28日は磨弓の日
---
month: 8
day: 28
name: MayuKeiki Day
tags:
 - name: 8月28日はまゆけーきの日
   platforms: [twitter, pixiv]
characters: [Mayumi, Keiki]
message: 8/28 is **MayuKeiki Day**!
explanation: >
 Goroawase: 8(Ha)2(ni)8(wa)/8(Ha)2(ni)8(ya)
citations:
 - name: Explanation Illustration
   url: https://www.pixiv.net/en/artworks/83954549
